frame.number,frame.time_relative,frame.protocols,ip.src,ip.dst
2,1.276136604,eth:ethertype:data,,
172,1.381282234,eth:ethertype:data,,
233,1.426545472,eth:ethertype:data,,
254,1.444958371,eth:ethertype:data,,
342,1.510246643,eth:ethertype:data,,
402,1.545563328,eth:ethertype:data,,
531,1.652858226,eth:ethertype:data,,
598,1.697096934,eth:ethertype:data,,
622,1.722427848,eth:ethertype:data,,
705,1.784702945,eth:ethertype:data,,
1020,2.016453350,eth:ethertype:data,,
1220,2.178592989,eth:ethertype:data,,
1275,2.214453840,eth:ethertype:data,,
1652,2.498771227,eth:ethertype:data,,
1824,2.614493877,eth:ethertype:data,,
1847,2.640537342,eth:ethertype:data,,
1911,2.682526834,eth:ethertype:data,,
1931,2.702779783,eth:ethertype:data,,
2006,2.764498683,eth:ethertype:data,,
2074,2.802286929,eth:ethertype:data,,
2076,2.805658175,eth:ethertype:data,,
2100,2.832644087,eth:ethertype:data,,
2257,2.954020691,eth:ethertype:data,,
2295,3.010214752,eth:ethertype:data,,
2424,3.074436462,eth:ethertype:data,,
2524,3.164387939,eth:ethertype:data,,
2595,3.202721184,eth:ethertype:data,,
2628,3.240769638,eth:ethertype:data,,
2702,3.284569753,eth:ethertype:data,,
2796,3.356632132,eth:ethertype:data,,
3031,3.537548783,eth:ethertype:data,,
3032,3.542281123,eth:ethertype:data,,
3279,3.744439577,eth:ethertype:data,,
3452,3.864543786,eth:ethertype:data,,
4063,4.326996160,eth:ethertype:data,,
4155,4.394464689,eth:ethertype:data,,
4247,4.464787539,eth:ethertype:data,,
4268,4.488582881,eth:ethertype:data,,
4528,4.688698837,eth:ethertype:data,,
4556,4.744901128,eth:ethertype:data,,
4847,4.932752460,eth:ethertype:data,,
4873,4.959110872,eth:ethertype:data,,
4940,5.003597236,eth:ethertype:data,,
4958,5.022387687,eth:ethertype:data,,
5044,5.091529496,eth:ethertype:data,,
5104,5.131140917,eth:ethertype:data,,
5143,5.166343123,eth:ethertype:data,,
5204,5.206178450,eth:ethertype:data,,
5441,5.389397599,eth:ethertype:data,,
5500,5.426451106,eth:ethertype:data,,
5524,5.454120767,eth:ethertype:data,,
5611,5.507760560,eth:ethertype:data,,
5635,5.535194284,eth:ethertype:data,,
5708,5.580142106,eth:ethertype:data,,
5737,5.615013791,eth:ethertype:data,,
5837,5.675143213,eth:ethertype:data,,
5935,5.752240275,eth:ethertype:data,,
6058,5.853765908,eth:ethertype:data,,
6127,5.896588784,eth:ethertype:data,,
6151,5.923167405,eth:ethertype:data,,
6248,5.994484472,eth:ethertype:data,,
6319,6.038907764,eth:ethertype:data,,
6455,6.150339324,eth:ethertype:data,,
6653,6.299495589,eth:ethertype:data,,
6719,6.340825498,eth:ethertype:data,,
6749,6.372733488,eth:ethertype:data,,
6812,6.414506626,eth:ethertype:data,,
6816,6.441600662,eth:ethertype:data,,
6839,6.514347677,eth:ethertype:data,,
7196,6.749957661,eth:ethertype:data,,
7261,6.794678660,eth:ethertype:data,,
7360,6.869871141,eth:ethertype:data,,
7468,6.951663719,eth:ethertype:data,,
7471,6.954746789,eth:ethertype:data,,
7598,7.051075708,eth:ethertype:data,,
7706,7.124518868,eth:ethertype:data,,
7834,7.234587357,eth:ethertype:data,,
7938,7.301113700,eth:ethertype:data,,
7963,7.328537736,eth:ethertype:data,,
8073,7.411357137,eth:ethertype:data,,
8150,7.464566826,eth:ethertype:data,,
8239,7.533262177,eth:ethertype:data,,
8258,7.550215494,eth:ethertype:data,,
8362,7.628460524,eth:ethertype:data,,
8425,7.668148924,eth:ethertype:data,,
8449,7.695621502,eth:ethertype:data,,
8512,7.736310942,eth:ethertype:data,,
8536,7.762375345,eth:ethertype:data,,
8603,7.805123221,eth:ethertype:data,,
8615,7.816780814,eth:ethertype:data,,
8633,7.839301938,eth:ethertype:data,,
8721,7.891865378,eth:ethertype:data,,
8753,7.924864617,eth:ethertype:data,,
8835,7.974106185,eth:ethertype:data,,
8864,8.005449385,eth:ethertype:data,,
8965,8.084675351,eth:ethertype:data,,
9036,8.127496248,eth:ethertype:data,,
9060,8.154915232,eth:ethertype:data,,
9121,8.235475416,eth:ethertype:data,,
9122,8.276040481,eth:ethertype:data,,
9236,8.342793908,eth:ethertype:data,,
9250,8.349754578,eth:ethertype:data,,
9251,8.352294003,eth:ethertype:data,,
9287,8.380262726,eth:ethertype:data,,
9307,8.393053651,eth:ethertype:data,,
9332,8.416776858,eth:ethertype:data,,
9355,8.425748047,eth:ethertype:data,,
9366,8.439108451,eth:ethertype:data,,
9390,8.462974054,eth:ethertype:data,,
9431,8.486908614,eth:ethertype:data,,
9472,8.527519826,eth:ethertype:data,,
9548,8.586330811,eth:ethertype:data,,
9600,8.619752811,eth:ethertype:data,,
9605,8.623812442,eth:ethertype:data,,
9617,8.630047384,eth:ethertype:data,,
9620,8.634439828,eth:ethertype:data,,
9649,8.662475114,eth:ethertype:data,,
9744,8.736511658,eth:ethertype:data,,
9817,8.781033959,eth:ethertype:data,,
9836,8.808143361,eth:ethertype:data,,
9935,8.878609648,eth:ethertype:data,,
10006,8.921790909,eth:ethertype:data,,
10032,8.953078067,eth:ethertype:data,,
10105,9.005011142,eth:ethertype:data,,
10121,9.012840718,eth:ethertype:data,,
10145,9.037191476,eth:ethertype:data,,
10220,9.084615858,eth:ethertype:data,,
10247,9.117155306,eth:ethertype:data,,
10316,9.159289225,eth:ethertype:data,,
10339,9.197471428,eth:ethertype:data,,
10421,9.240443991,eth:ethertype:data,,
10446,9.270031671,eth:ethertype:data,,
10538,9.342098530,eth:ethertype:data,,
10598,9.392797075,eth:ethertype:data,,
10636,9.419470019,eth:ethertype:data,,
10724,9.485076519,eth:ethertype:data,,
10828,9.563119726,eth:ethertype:data,,
10937,9.628403518,eth:ethertype:data,,
10960,9.655708127,eth:ethertype:data,,
11044,9.705954538,eth:ethertype:data,,
11072,9.739070548,eth:ethertype:data,,
11158,9.790392426,eth:ethertype:data,,
11180,9.816685787,eth:ethertype:data,,
11259,9.864762772,eth:ethertype:data,,
11284,9.893974151,eth:ethertype:data,,
11368,9.958708776,eth:ethertype:data,,
11369,9.968144340,eth:ethertype:data,,
11397,10.054770404,eth:ethertype:data,,
11553,10.138769647,eth:ethertype:data,,
11575,10.157328223,eth:ethertype:data,,
11589,10.167065505,eth:ethertype:data,,
11619,10.207845571,eth:ethertype:data,,
11633,10.216411969,eth:ethertype:data,,
11672,10.240161790,eth:ethertype:data,,
11686,10.246875950,eth:ethertype:data,,
11702,10.252773549,eth:ethertype:data,,
11727,10.281244824,eth:ethertype:data,,
11792,10.321189629,eth:ethertype:data,,
11819,10.352913870,eth:ethertype:data,,
11880,10.388348628,eth:ethertype:data,,
11885,10.394599924,eth:ethertype:data,,
11891,10.403467832,eth:ethertype:data,,
11927,10.435475719,eth:ethertype:data,,
11986,10.472328600,eth:ethertype:data,,
11994,10.477462449,eth:ethertype:data,,
12018,10.504173986,eth:ethertype:data,,
12111,10.574171784,eth:ethertype:data,,
12184,10.619093825,eth:ethertype:data,,
12208,10.646827288,eth:ethertype:data,,
12276,10.688506415,eth:ethertype:data,,
12303,10.719940864,eth:ethertype:data,,
12379,10.776720654,eth:ethertype:data,,
12392,10.785182781,eth:ethertype:data,,
12416,10.810977861,eth:ethertype:data,,
12505,10.879997639,eth:ethertype:data,,
12611,10.960080740,eth:ethertype:data,,
12935,11.198090669,eth:ethertype:data,,
13012,11.244605729,eth:ethertype:data,,
13103,11.314593527,eth:ethertype:data,,
13126,11.348789640,eth:ethertype:data,,
13230,11.425225401,eth:ethertype:data,,
13309,11.472021086,eth:ethertype:data,,
13331,11.498071373,eth:ethertype:data,,
13409,11.546360234,eth:ethertype:data,,
13414,11.554014705,eth:ethertype:data,,
13433,11.574012238,eth:ethertype:data,,
13500,11.615278918,eth:ethertype:data,,
13524,11.642730090,eth:ethertype:data,,
13626,11.720781109,eth:ethertype:data,,
13668,11.814800238,eth:ethertype:data,,
13830,11.904168538,eth:ethertype:data,,
13840,11.913129624,eth:ethertype:data,,
13882,11.959590725,eth:ethertype:data,,
13929,11.983901952,eth:ethertype:data,,
13969,12.009076043,eth:ethertype:data,,
13999,12.043951791,eth:ethertype:data,,
14036,12.065518906,eth:ethertype:data,,
14076,12.090237997,eth:ethertype:data,,
14102,12.121288227,eth:ethertype:data,,
14179,12.167929433,eth:ethertype:data,,
14202,12.195458573,eth:ethertype:data,,
14312,12.278146463,eth:ethertype:data,,
14389,12.324888763,eth:ethertype:data,,
14395,12.331826152,eth:ethertype:data,,
14414,12.355841806,eth:ethertype:data,,
14488,12.400106191,eth:ethertype:data,,
14515,12.432137879,eth:ethertype:data,,
14580,12.471816591,eth:ethertype:data,,
14604,12.498929222,eth:ethertype:data,,
14678,12.544667564,eth:ethertype:data,,
14701,12.573119255,eth:ethertype:data,,
14775,12.624590821,eth:ethertype:data,,
14880,12.699964030,eth:ethertype:data,,
14906,12.730248220,eth:ethertype:data,,
14980,12.775522708,eth:ethertype:data,,
15009,12.808413875,eth:ethertype:data,,
15100,12.878342245,eth:ethertype:data,,
15176,12.925015013,eth:ethertype:data,,
15200,12.952121446,eth:ethertype:data,,
15292,13.022060025,eth:ethertype:data,,
15397,13.102581250,eth:ethertype:data,,
15476,13.149817299,eth:ethertype:data,,
15506,13.184520391,eth:ethertype:data,,
15573,13.225801758,eth:ethertype:data,,
15603,13.260133132,eth:ethertype:data,,
15672,13.304294287,eth:ethertype:data,,
15784,13.398004875,eth:ethertype:data,,
15879,13.470231837,eth:ethertype:data,,
15931,13.564372269,eth:ethertype:data,,
16056,13.632428506,eth:ethertype:data,,
16082,13.657027545,eth:ethertype:data,,
16098,13.663956757,eth:ethertype:data,,
16129,13.695024696,eth:ethertype:data,,
16160,13.715160146,eth:ethertype:data,,
16191,13.736648615,eth:ethertype:data,,
16264,13.794659653,eth:ethertype:data,,
16275,13.803147145,eth:ethertype:data,,
16293,13.814051197,eth:ethertype:data,,
16321,13.844099033,eth:ethertype:data,,
16406,13.899632678,eth:ethertype:data,,
16412,13.906576942,eth:ethertype:data,,
16435,13.929613118,eth:ethertype:data,,
16498,13.975616980,eth:ethertype:data,,
16522,13.984535618,eth:ethertype:data,,
16620,14.061801482,eth:ethertype:data,,
16638,14.090382600,eth:ethertype:data,,
16735,14.159831909,eth:ethertype:data,,
16806,14.204518064,eth:ethertype:data,,
16928,14.288278088,eth:ethertype:data,,
16932,14.291569804,eth:ethertype:data,,
16933,14.294676676,eth:ethertype:data,,
16961,14.324519043,eth:ethertype:data,,
17031,14.372745300,eth:ethertype:data,,
17057,14.399108035,eth:ethertype:data,,
17149,14.454671471,eth:ethertype:data,,
17160,14.467040418,eth:ethertype:data,,
17183,14.493289195,eth:ethertype:data,,
17480,14.717839658,eth:ethertype:data,,
17677,14.860687230,eth:ethertype:data,,
17707,14.891426419,eth:ethertype:data,,
17797,14.952631205,eth:ethertype:data,,
17825,14.980610084,eth:ethertype:data,,
17906,15.034580553,eth:ethertype:data,,
17922,15.049698039,eth:ethertype:data,,
18008,15.113150478,eth:ethertype:data,,
18032,15.139655661,eth:ethertype:data,,
18103,15.182715152,eth:ethertype:data,,
18183,15.275175532,eth:ethertype:data,,
18197,15.294992336,eth:ethertype:data,,
18233,15.301076810,eth:ethertype:data,,
18395,15.422093361,eth:ethertype:data,,
18405,15.434931942,eth:ethertype:data,,
18409,15.442324435,eth:ethertype:data,,
18533,15.520404100,eth:ethertype:data,,
18566,15.555265734,eth:ethertype:data,,
18630,15.594585644,eth:ethertype:data,,
18637,15.604621572,eth:ethertype:data,,
18665,15.633073576,eth:ethertype:data,,
18730,15.671406977,eth:ethertype:data,,
18767,15.708008088,eth:ethertype:data,,
19150,16.004702804,eth:ethertype:data,,
19155,16.008230301,eth:ethertype:data,,
19261,16.084700384,eth:ethertype:data,,
19336,16.130039768,eth:ethertype:data,,
19370,16.167816347,eth:ethertype:data,,
19474,16.244941950,eth:ethertype:data,,
19654,16.387176033,eth:ethertype:data,,
19749,16.444618114,eth:ethertype:data,,
19945,16.590499016,eth:ethertype:data,,
19977,16.626412992,eth:ethertype:data,,
20053,16.674605550,eth:ethertype:data,,
20165,16.761883540,eth:ethertype:data,,
20166,16.774502694,eth:ethertype:data,,
20196,16.793247728,eth:ethertype:data,,
20277,16.844591846,eth:ethertype:data,,
20301,16.870320103,eth:ethertype:data,,
20412,16.957083874,eth:ethertype:data,,
20461,17.049065297,eth:ethertype:data,,
20644,17.154986549,eth:ethertype:data,,
20663,17.180990275,eth:ethertype:data,,
20742,17.225929086,eth:ethertype:data,,
20746,17.231501685,eth:ethertype:data,,
20753,17.244682610,eth:ethertype:data,,
20867,17.323690138,eth:ethertype:data,,
20889,17.344777774,eth:ethertype:data,,
20923,17.368077179,eth:ethertype:data,,
21073,17.471224529,eth:ethertype:data,,
21110,17.509196003,eth:ethertype:data,,
21202,17.565689490,eth:ethertype:data,,
21307,17.644613790,eth:ethertype:data,,
21517,17.797969060,eth:ethertype:data,,
21547,17.832948350,eth:ethertype:data,,
21607,17.870326230,eth:ethertype:data,,
21715,17.949481155,eth:ethertype:data,,
21743,17.981461541,eth:ethertype:data,,
21815,18.028351340,eth:ethertype:data,,
21936,18.132531449,eth:ethertype:data,,
22219,18.331372196,eth:ethertype:data,,
22333,18.430771997,eth:ethertype:data,,
22404,18.472311384,eth:ethertype:data,,
22441,18.513195564,eth:ethertype:data,,
22525,18.564032755,eth:ethertype:data,,
22555,18.597801577,eth:ethertype:data,,
22629,18.643677991,eth:ethertype:data,,
22653,18.670666142,eth:ethertype:data,,
22726,18.715454902,eth:ethertype:data,,
22732,18.745787894,eth:ethertype:data,,
22757,18.780564110,eth:ethertype:data,,
22902,18.874551937,eth:ethertype:data,,
22928,18.905738261,eth:ethertype:data,,
22965,18.914446482,eth:ethertype:data,,
22991,18.938628334,eth:ethertype:data,,
23063,18.981000533,eth:ethertype:data,,
23099,19.018476331,eth:ethertype:data,,
23101,19.022063463,eth:ethertype:data,,
23169,19.070049354,eth:ethertype:data,,
23200,19.094604956,eth:ethertype:data,,
23273,19.141575380,eth:ethertype:data,,
23301,19.171651184,eth:ethertype:data,,
23401,19.251725378,eth:ethertype:data,,
23607,19.404665128,eth:ethertype:data,,
23689,19.455598204,eth:ethertype:data,,
23701,19.478212558,eth:ethertype:data,,
23718,19.487387705,eth:ethertype:data,,
23778,19.525732981,eth:ethertype:data,,
23802,19.554160558,eth:ethertype:data,,
23890,19.612926856,eth:ethertype:data,,
23911,19.632369441,eth:ethertype:data,,
24000,19.685078662,eth:ethertype:data,,
24003,19.692505165,eth:ethertype:data,,
24027,19.715520768,eth:ethertype:data,,
24091,19.754516356,eth:ethertype:data,,
24318,19.941116177,eth:ethertype:data,,
24515,20.089257546,eth:ethertype:data,,
24590,20.134503544,eth:ethertype:data,,
24623,20.171207103,eth:ethertype:data,,
24710,20.232241472,eth:ethertype:data,,
24733,20.253996763,eth:ethertype:data,,
24831,20.314529466,eth:ethertype:data,,
24847,20.331595960,eth:ethertype:data,,
24935,20.394565118,eth:ethertype:data,,
25018,20.497392051,eth:ethertype:data,,
25023,20.524355932,eth:ethertype:data,,
25199,20.655462785,eth:ethertype:data,,
25208,20.659188355,eth:ethertype:data,,
25269,20.699738107,eth:ethertype:data,,
25293,20.706402424,eth:ethertype:data,,
25331,20.738243539,eth:ethertype:data,,
25406,20.784565630,eth:ethertype:data,,
25492,20.856283791,eth:ethertype:data,,
25534,20.892206256,eth:ethertype:data,,
25602,20.933392832,eth:ethertype:data,,
25606,20.943306260,eth:ethertype:data,,
25729,21.039820542,eth:ethertype:data,,
25801,21.083382428,eth:ethertype:data,,
25828,21.113680419,eth:ethertype:data,,
25901,21.158610793,eth:ethertype:data,,
26002,21.236579052,eth:ethertype:data,,
26032,21.271811935,eth:ethertype:data,,
26138,21.349164152,eth:ethertype:data,,
26215,21.396333326,eth:ethertype:data,,
26325,21.489500008,eth:ethertype:data,,
26497,21.609309997,eth:ethertype:data,,
26723,21.791693260,eth:ethertype:data,,
26806,21.844573417,eth:ethertype:data,,
26905,21.923332196,eth:ethertype:data,,
26929,21.945768425,eth:ethertype:data,,
27034,22.021337623,eth:ethertype:data,,
27106,22.063693312,eth:ethertype:data,,
27231,22.170580814,eth:ethertype:data,,
27283,22.240267674,eth:ethertype:data,,
27287,22.261944997,eth:ethertype:data,,
27478,22.381936496,eth:ethertype:data,,
27540,22.431101137,eth:ethertype:data,,
27675,22.515635639,eth:ethertype:data,,
27697,22.541797697,eth:ethertype:data,,
27780,22.590114266,eth:ethertype:data,,
28063,22.804581977,eth:ethertype:data,,
28151,22.870693684,eth:ethertype:data,,
28249,22.954580687,eth:ethertype:data,,
28282,22.989326696,eth:ethertype:data,,
28363,23.042834092,eth:ethertype:data,,
28387,23.066768549,eth:ethertype:data,,
28477,23.134967650,eth:ethertype:data,,
28654,23.255702638,eth:ethertype:data,,
28741,23.324543406,eth:ethertype:data,,
29042,23.544515747,eth:ethertype:data,,
29067,23.573842750,eth:ethertype:data,,
29150,23.624575670,eth:ethertype:data,,
29175,23.652067206,eth:ethertype:data,,
29257,23.701551586,eth:ethertype:data,,
29265,23.720441203,eth:ethertype:data,,
29285,23.733930878,eth:ethertype:data,,
29376,23.804505550,eth:ethertype:data,,
29538,23.914583048,eth:ethertype:data,,
29555,23.947208486,eth:ethertype:data,,
29583,24.002206141,eth:ethertype:data,,
29693,24.058597910,eth:ethertype:data,,
29756,24.123379983,eth:ethertype:data,,
29791,24.134147786,eth:ethertype:data,,
29806,24.144558453,eth:ethertype:data,,
29880,24.204667926,eth:ethertype:data,,
29962,24.264992764,eth:ethertype:data,,
30026,24.307064755,eth:ethertype:data,,
30034,24.320592190,eth:ethertype:data,,
30126,24.381985517,eth:ethertype:data,,
30132,24.387220147,eth:ethertype:data,,
30158,24.413982726,eth:ethertype:data,,
30223,24.455936175,eth:ethertype:data,,
30262,24.492270880,eth:ethertype:data,,
30341,24.541583332,eth:ethertype:data,,
30535,24.696223653,eth:ethertype:data,,
30665,24.786163098,eth:ethertype:data,,
30691,24.815771871,eth:ethertype:data,,
30770,24.864773908,eth:ethertype:data,,
30781,24.884569566,eth:ethertype:data,,
30798,24.896102680,eth:ethertype:data,,
30881,24.952019501,eth:ethertype:data,,
30905,24.976021405,eth:ethertype:data,,
31294,25.271686538,eth:ethertype:data,,
31412,25.345646936,eth:ethertype:data,,
31441,25.379787528,eth:ethertype:data,,
31520,25.433848154,eth:ethertype:data,,
31537,25.454459019,eth:ethertype:data,,
31820,25.653098672,eth:ethertype:data,,
31840,25.682853175,eth:ethertype:data,,
31868,25.720573087,eth:ethertype:data,,
32065,25.843069896,eth:ethertype:data,,
32070,25.847895100,eth:ethertype:data,,
32084,25.855122124,eth:ethertype:data,,
32107,25.879649392,eth:ethertype:data,,
32172,25.921511071,eth:ethertype:data,,
32206,25.953775623,eth:ethertype:data,,
32302,26.024579826,eth:ethertype:data,,
32306,26.029774613,eth:ethertype:data,,
32400,26.100740170,eth:ethertype:data,,
32475,26.152657776,eth:ethertype:data,,
32504,26.180311083,eth:ethertype:data,,
32565,26.223121771,eth:ethertype:data,,
32575,26.230287441,eth:ethertype:data,,
32602,26.255366740,eth:ethertype:data,,
32683,26.304507682,eth:ethertype:data,,
32889,26.455657329,eth:ethertype:data,,
32914,26.484933290,eth:ethertype:data,,
32988,26.534585274,eth:ethertype:data,,
33077,26.601625626,eth:ethertype:data,,
33088,26.614117593,eth:ethertype:data,,
33112,26.634930334,eth:ethertype:data,,
33207,26.710261772,eth:ethertype:data,,
33310,26.790173622,eth:ethertype:data,,
33572,26.986332444,eth:ethertype:data,,
33583,26.990177805,eth:ethertype:data,,
33586,26.997775975,eth:ethertype:data,,
33607,27.020269755,eth:ethertype:data,,
33671,27.059076854,eth:ethertype:data,,
33676,27.066284295,eth:ethertype:data,,
33693,27.083869017,eth:ethertype:data,,
33702,27.091228229,eth:ethertype:data,,
33704,27.095250413,eth:ethertype:data,,
33778,27.143464325,eth:ethertype:data,,
33797,27.162475921,eth:ethertype:data,,
33865,27.206413014,eth:ethertype:data,,
34070,27.362448125,eth:ethertype:data,,
34072,27.365148174,eth:ethertype:data,,
34075,27.375108217,eth:ethertype:data,,
34095,27.390985545,eth:ethertype:data,,
34132,27.464896099,eth:ethertype:data,,
34288,27.550757892,eth:ethertype:data,,
34335,27.579807031,eth:ethertype:data,,
34353,27.592907591,eth:ethertype:data,,
34360,27.602088936,eth:ethertype:data,,
34400,27.634579113,eth:ethertype:data,,
34467,27.674581106,eth:ethertype:data,,
34495,27.710843884,eth:ethertype:data,,
34586,27.767869506,eth:ethertype:data,,
34589,27.770948774,eth:ethertype:data,,
34592,27.778422777,eth:ethertype:data,,
34677,27.836309961,eth:ethertype:data,,
34685,27.842749278,eth:ethertype:data,,
34905,28.004671154,eth:ethertype:data,,
35000,28.075930825,eth:ethertype:data,,
35029,28.108511314,eth:ethertype:data,,
35092,28.151741377,eth:ethertype:data,,
35099,28.158914235,eth:ethertype:data,,
35196,28.229910000,eth:ethertype:data,,
35220,28.257205807,eth:ethertype:data,,
35322,28.335597242,eth:ethertype:data,,
35425,28.409716754,eth:ethertype:data,,
35430,28.414515708,eth:ethertype:data,,
35499,28.456396865,eth:ethertype:data,,
35515,28.476153461,eth:ethertype:data,,
35708,28.632118571,eth:ethertype:data,,
35812,28.711438339,eth:ethertype:data,,
35924,28.789775920,eth:ethertype:data,,
35934,28.801148617,eth:ethertype:data,,
36001,28.844570398,eth:ethertype:data,,
36109,28.922375688,eth:ethertype:data,,
36224,29.004682119,eth:ethertype:data,,
36328,29.085554646,eth:ethertype:data,,
36408,29.178867160,eth:ethertype:data,,
36416,29.194622354,eth:ethertype:data,,
36491,29.224680033,eth:ethertype:data,,
36593,29.300215325,eth:ethertype:data,,
36598,29.308296515,eth:ethertype:data,,
36641,29.343494398,eth:ethertype:data,,
36694,29.379716394,eth:ethertype:data,,
36696,29.382723006,eth:ethertype:data,,
36740,29.419076929,eth:ethertype:data,,
36794,29.452503304,eth:ethertype:data,,
36828,29.489578424,eth:ethertype:data,,
37038,29.646102284,eth:ethertype:data,,
37106,29.689837450,eth:ethertype:data,,
37117,29.696098434,eth:ethertype:data,,
37141,29.720774139,eth:ethertype:data,,
37442,29.945607621,eth:ethertype:data,,
37514,29.988202007,eth:ethertype:data,,
37519,29.994673199,eth:ethertype:data,,
37547,30.024371764,eth:ethertype:data,,
37644,30.081215355,eth:ethertype:data,,
37678,30.120273026,eth:ethertype:data,,
37745,30.161653767,eth:ethertype:data,,
37838,30.234532395,eth:ethertype:data,,
37869,30.266242781,eth:ethertype:data,,
37933,30.307211648,eth:ethertype:data,,
38042,30.400172080,eth:ethertype:data,,
38113,30.454572444,eth:ethertype:data,,
38123,30.458039680,eth:ethertype:data,,
38222,30.539658352,eth:ethertype:data,,
38287,30.584587006,eth:ethertype:data,,
38387,30.659008497,eth:ethertype:data,,
38413,30.687947323,eth:ethertype:data,,
38489,30.734548008,eth:ethertype:data,,
38576,30.801464454,eth:ethertype:data,,
38601,30.833721194,eth:ethertype:data,,
38608,30.839881031,eth:ethertype:data,,
38669,30.918377831,eth:ethertype:data,,
38853,31.032780794,eth:ethertype:data,,
38907,31.071193673,eth:ethertype:data,,
38974,31.115048058,eth:ethertype:data,,
38998,31.142535636,eth:ethertype:data,,
39101,31.225695712,eth:ethertype:data,,
39270,31.344381796,eth:ethertype:data,,
39276,31.350249915,eth:ethertype:data,,
39302,31.379315304,eth:ethertype:data,,
39376,31.423885886,eth:ethertype:data,,
39398,31.448879247,eth:ethertype:data,,
39487,31.515366371,eth:ethertype:data,,
39558,31.559720234,eth:ethertype:data,,
39587,31.592358484,eth:ethertype:data,,
39714,31.684996468,eth:ethertype:data,,
39795,31.735299701,eth:ethertype:data,,
39822,31.766614358,eth:ethertype:data,,
39887,31.806602080,eth:ethertype:data,,
39913,31.835470438,eth:ethertype:data,,
40277,32.108621581,eth:ethertype:data,,
40304,32.139805926,eth:ethertype:data,,
40390,32.191942751,eth:ethertype:data,,
40510,32.293090205,eth:ethertype:data,,
40585,32.339258026,eth:ethertype:data,,
40617,32.376439813,eth:ethertype:data,,
40694,32.424513777,eth:ethertype:data,,
40789,32.495683656,eth:ethertype:data,,
40812,32.521988475,eth:ethertype:data,,
40886,32.568235826,eth:ethertype:data,,
40907,32.600501472,eth:ethertype:data,,
40934,32.653533348,eth:ethertype:data,,
41042,32.709922408,eth:ethertype:data,,
41093,32.747962632,eth:ethertype:data,,
41203,32.829388803,eth:ethertype:data,,
41213,32.835830516,eth:ethertype:data,,
41281,32.877896673,eth:ethertype:data,,
41307,32.907214874,eth:ethertype:data,,
41363,32.947299107,eth:ethertype:data,,
41379,32.953062955,eth:ethertype:data,,
41390,32.963567268,eth:ethertype:data,,
41521,33.068991802,eth:ethertype:data,,
41595,33.113850092,eth:ethertype:data,,
41622,33.146686414,eth:ethertype:data,,
41726,33.226663473,eth:ethertype:data,,
41794,33.268812391,eth:ethertype:data,,
41825,33.303454336,eth:ethertype:data,,
41905,33.352368560,eth:ethertype:data,,
41933,33.383312384,eth:ethertype:data,,
41999,33.424523803,eth:ethertype:data,,
42029,33.458310489,eth:ethertype:data,,
42106,33.506305235,eth:ethertype:data,,
42136,33.540306296,eth:ethertype:data,,
42216,33.588723332,eth:ethertype:data,,
42241,33.616934451,eth:ethertype:data,,
42337,33.688619278,eth:ethertype:data,,
42432,33.758289054,eth:ethertype:data,,
42510,33.806264998,eth:ethertype:data,,
42540,33.839837101,eth:ethertype:data,,
42625,33.908066306,eth:ethertype:data,,
42723,33.964809584,eth:ethertype:data,,
42834,34.049152628,eth:ethertype:data,,
42861,34.080071452,eth:ethertype:data,,
42956,34.137284210,eth:ethertype:data,,
42958,34.143123631,eth:ethertype:data,,
43045,34.204665812,eth:ethertype:data,,
43071,34.234572866,eth:ethertype:data,,
43134,34.272979964,eth:ethertype:data,,
43207,34.367944717,eth:ethertype:data,,
43418,34.492483295,eth:ethertype:data,,
43426,34.498214227,eth:ethertype:data,,
43455,34.531859038,eth:ethertype:data,,
43514,34.568127336,eth:ethertype:data,,
43525,34.573807435,eth:ethertype:data,,
43552,34.605925060,eth:ethertype:data,,
43615,34.644613669,eth:ethertype:data,,
43707,34.718077348,eth:ethertype:data,,
43736,34.751721482,eth:ethertype:data,,
43835,34.827328128,eth:ethertype:data,,
43911,34.873889229,eth:ethertype:data,,
43932,34.898177539,eth:ethertype:data,,
44030,34.973983559,eth:ethertype:data,,
44125,35.047787811,eth:ethertype:data,,
44218,35.104384736,eth:ethertype:data,,
44244,35.132373042,eth:ethertype:data,,
44349,35.212007132,eth:ethertype:data,,
44415,35.258765368,eth:ethertype:data,,
44443,35.284603260,eth:ethertype:data,,
44510,35.326106241,eth:ethertype:data,,
44540,35.360274124,eth:ethertype:data,,
44622,35.421937190,eth:ethertype:data,,
44706,35.476261304,eth:ethertype:data,,
44826,35.575424490,eth:ethertype:data,,
44907,35.628480428,eth:ethertype:data,,
45007,35.703827230,eth:ethertype:data,,
45032,35.729709862,eth:ethertype:data,,
45091,35.766015191,eth:ethertype:data,,
45121,35.800700470,eth:ethertype:data,,
45193,35.843838554,eth:ethertype:data,,
45224,35.878718364,eth:ethertype:data,,
45294,35.924603840,eth:ethertype:data,,
45467,36.095440915,eth:ethertype:data,,
45874,36.364570655,eth:ethertype:data,,
45905,36.399133383,eth:ethertype:data,,
45973,36.444575214,eth:ethertype:data,,
46002,36.473163467,eth:ethertype:data,,
46059,36.506909997,eth:ethertype:data,,
46067,36.514647646,eth:ethertype:data,,
46093,36.544084753,eth:ethertype:data,,
46173,36.590217625,eth:ethertype:data,,
46303,36.699043978,eth:ethertype:data,,
46370,36.740536699,eth:ethertype:data,,
46394,36.776735726,eth:ethertype:data,,
46566,36.894592227,eth:ethertype:data,,
46655,36.963285234,eth:ethertype:data,,
46662,36.974419442,eth:ethertype:data,,
46686,36.993287392,eth:ethertype:data,,
46748,37.031882615,eth:ethertype:data,,
46774,37.062011961,eth:ethertype:data,,
46844,37.104354108,eth:ethertype:data,,
46871,37.134920016,eth:ethertype:data,,
47071,37.286667682,eth:ethertype:data,,
47147,37.334613417,eth:ethertype:data,,
47179,37.369896248,eth:ethertype:data,,
47253,37.415934693,eth:ethertype:data,,
47283,37.450834659,eth:ethertype:data,,
47355,37.494560242,eth:ethertype:data,,
47504,37.615743458,eth:ethertype:data,,
47580,37.664601640,eth:ethertype:data,,
47710,37.771016433,eth:ethertype:data,,
47740,37.823431903,eth:ethertype:data,,
47900,37.916816709,eth:ethertype:data,,
47902,37.925053993,eth:ethertype:data,,
47903,37.928812010,eth:ethertype:data,,
47905,37.931735809,eth:ethertype:data,,
47945,37.948144804,eth:ethertype:data,,
47960,37.953844694,eth:ethertype:data,,
47971,37.964552913,eth:ethertype:data,,
48091,38.062180371,eth:ethertype:data,,
48153,38.102547155,eth:ethertype:data,,
48163,38.108329232,eth:ethertype:data,,
48169,38.114813184,eth:ethertype:data,,
48170,38.121998334,eth:ethertype:data,,
48195,38.143753938,eth:ethertype:data,,
48251,38.177697238,eth:ethertype:data,,
48258,38.185075408,eth:ethertype:data,,
48294,38.217361731,eth:ethertype:data,,
48352,38.251799979,eth:ethertype:data,,
48354,38.255209820,eth:ethertype:data,,
48393,38.291882649,eth:ethertype:data,,
48494,38.368468356,eth:ethertype:data,,
48564,38.412485709,eth:ethertype:data,,
48591,38.442490212,eth:ethertype:data,,
48664,38.503154320,eth:ethertype:data,,
48686,38.516215193,eth:ethertype:data,,
48767,38.565363374,eth:ethertype:data,,
48794,38.595376835,eth:ethertype:data,,
48867,38.639872365,eth:ethertype:data,,
48890,38.667229682,eth:ethertype:data,,
48973,38.717455675,eth:ethertype:data,,
48998,38.745239294,eth:ethertype:data,,
49063,38.785464151,eth:ethertype:data,,
49088,38.814178967,eth:ethertype:data,,
49150,38.852730909,eth:ethertype:data,,
49168,38.883677025,eth:ethertype:data,,
49263,38.949800086,eth:ethertype:data,,
49337,38.995286761,eth:ethertype:data,,
49361,39.022583349,eth:ethertype:data,,
49425,39.061894821,eth:ethertype:data,,
49426,39.074494705,eth:ethertype:data,,
49440,39.079979387,eth:ethertype:data,,
49451,39.090976148,eth:ethertype:data,,
49522,39.135164594,eth:ethertype:data,,
49549,39.166846699,eth:ethertype:data,,
49618,39.209217283,eth:ethertype:data,,
49649,39.244286260,eth:ethertype:data,,
49744,39.316451659,eth:ethertype:data,,
49822,39.363484113,eth:ethertype:data,,
49847,39.390987472,eth:ethertype:data,,
49925,39.456263451,eth:ethertype:data,,
49942,39.465573754,eth:ethertype:data,,
50003,39.538308111,eth:ethertype:data,,
50012,39.551036588,eth:ethertype:data,,
50081,39.575055315,eth:ethertype:data,,
50161,39.633912654,eth:ethertype:data,,
50170,39.641632230,eth:ethertype:data,,
50178,39.647385558,eth:ethertype:data,,
50180,39.651450033,eth:ethertype:data,,
50237,39.694572648,eth:ethertype:data,,
50384,39.798399839,eth:ethertype:data,,
50422,39.837747717,eth:ethertype:data,,
50513,39.907109057,eth:ethertype:data,,
50581,39.954661875,eth:ethertype:data,,
50805,40.135750606,eth:ethertype:data,,
50987,40.261338245,eth:ethertype:data,,
51011,40.288314938,eth:ethertype:data,,
51080,40.331163230,eth:ethertype:data,,
51104,40.358439402,eth:ethertype:data,,
51165,40.397791030,eth:ethertype:data,,
51174,40.414491483,eth:ethertype:data,,
51275,40.484576103,eth:ethertype:data,,
51401,40.588489440,eth:ethertype:data,,
51480,40.636078196,eth:ethertype:data,,
51510,40.670195715,eth:ethertype:data,,
51575,40.711482498,eth:ethertype:data,,
51666,40.780070921,eth:ethertype:data,,
51690,40.808219644,eth:ethertype:data,,
51766,40.855476629,eth:ethertype:data,,
51789,40.881864364,eth:ethertype:data,,
51862,40.926235780,eth:ethertype:data,,
51884,40.951996744,eth:ethertype:data,,
51959,40.997641283,eth:ethertype:data,,
51981,41.022964019,eth:ethertype:data,,
52051,41.066266009,eth:ethertype:data,,
52078,41.096468740,eth:ethertype:data,,
52141,41.135525629,eth:ethertype:data,,
52169,41.167360025,eth:ethertype:data,,
52256,41.252645724,eth:ethertype:data,,
52345,41.290483500,eth:ethertype:data,,
52370,41.319503889,eth:ethertype:data,,
52435,41.358374893,eth:ethertype:data,,
52442,41.369292226,eth:ethertype:data,,
52448,41.373019931,eth:ethertype:data,,
52474,41.401986674,eth:ethertype:data,,
52538,41.442338926,eth:ethertype:data,,
52569,41.475148530,eth:ethertype:data,,
52624,41.509781257,eth:ethertype:data,,
52666,41.552508507,eth:ethertype:data,,
52745,41.600308513,eth:ethertype:data,,
52771,41.630687077,eth:ethertype:data,,
52837,41.671048288,eth:ethertype:data,,
52875,41.709597313,eth:ethertype:data,,
52941,41.764193250,eth:ethertype:data,,
52988,41.798058738,eth:ethertype:data,,
53059,41.842284477,eth:ethertype:data,,
53083,41.869623096,eth:ethertype:data,,
53169,41.934958606,eth:ethertype:data,,
53252,41.985417984,eth:ethertype:data,,
53273,42.010661189,eth:ethertype:data,,
53342,42.053223960,eth:ethertype:data,,
53365,42.080035653,eth:ethertype:data,,
53443,42.137057785,eth:ethertype:data,,
53477,42.166503590,eth:ethertype:data,,
53572,42.238232166,eth:ethertype:data,,
53636,42.277303379,eth:ethertype:data,,
53663,42.308354911,eth:ethertype:data,,
53764,42.385921034,eth:ethertype:data,,
53836,42.430269793,eth:ethertype:data,,
53863,42.461730283,eth:ethertype:data,,
53930,42.503087327,eth:ethertype:data,,
53937,42.517858302,eth:ethertype:data,,
53947,42.524711108,eth:ethertype:data,,
53959,42.536187243,eth:ethertype:data,,
54028,42.578951159,eth:ethertype:data,,
54057,42.611886596,eth:ethertype:data,,
54118,42.650502913,eth:ethertype:data,,
54144,42.680383822,eth:ethertype:data,,
54192,42.714846965,eth:ethertype:data,,
54208,42.720726439,eth:ethertype:data,,
54211,42.724687893,eth:ethertype:data,,
54235,42.750997920,eth:ethertype:data,,
54302,42.792259651,eth:ethertype:data,,
54331,42.825269046,eth:ethertype:data,,
54407,42.871911970,eth:ethertype:data,,
54428,42.903921209,eth:ethertype:data,,
54505,42.974809891,eth:ethertype:data,,
54714,43.102764142,eth:ethertype:data,,
54855,43.222970744,eth:ethertype:data,,
54926,43.267221066,eth:ethertype:data,,
54937,43.284765268,eth:ethertype:data,,
54967,43.311673263,eth:ethertype:data,,
55044,43.358714207,eth:ethertype:data,,
55073,43.391600737,eth:ethertype:data,,
55132,43.428667420,eth:ethertype:data,,
55169,43.465223062,eth:ethertype:data,,
55234,43.505134586,eth:ethertype:data,,
55264,43.539100907,eth:ethertype:data,,
55364,43.616438801,eth:ethertype:data,,
55435,43.676342336,eth:ethertype:data,,
55468,43.697747680,eth:ethertype:data,,
55547,43.746137269,eth:ethertype:data,,
55576,43.780076715,eth:ethertype:data,,
55644,43.822434226,eth:ethertype:data,,
55671,43.855196382,eth:ethertype:data,,
55743,43.902820034,eth:ethertype:data,,
55768,43.931294642,eth:ethertype:data,,
55873,44.007760453,eth:ethertype:data,,
55970,44.080006268,eth:ethertype:data,,
56060,44.146975683,eth:ethertype:data,,
56145,44.212311036,eth:ethertype:data,,
56218,44.262271925,eth:ethertype:data,,
56330,44.352057724,eth:ethertype:data,,
56395,44.392031174,eth:ethertype:data,,
56423,44.425524475,eth:ethertype:data,,
56527,44.503701743,eth:ethertype:data,,
56627,44.576160215,eth:ethertype:data,,
56693,44.615280333,eth:ethertype:data,,
56694,44.626667353,eth:ethertype:data,,
56708,44.634814429,eth:ethertype:data,,
56733,44.660232737,eth:ethertype:data,,
56771,44.707430088,eth:ethertype:data,,
56886,44.769398986,eth:ethertype:data,,
56921,44.806207856,eth:ethertype:data,,
56954,44.827492627,eth:ethertype:data,,
57016,44.862573739,eth:ethertype:data,,
57039,44.888782776,eth:ethertype:data,,
57135,44.961429477,eth:ethertype:data,,
57193,44.997972358,eth:ethertype:data,,
57196,45.006678912,eth:ethertype:data,,
57208,45.017111089,eth:ethertype:data,,
57231,45.036997008,eth:ethertype:data,,
57286,45.069388278,eth:ethertype:data,,
57297,45.077494416,eth:ethertype:data,,
57324,45.109498187,eth:ethertype:data,,
57384,45.146839505,eth:ethertype:data,,
57419,45.183190981,eth:ethertype:data,,
57511,45.238252386,eth:ethertype:data,,
57535,45.267500691,eth:ethertype:data,,
57637,45.344196814,eth:ethertype:data,,
57719,45.393883485,eth:ethertype:data,,
57749,45.428350378,eth:ethertype:data,,
57857,45.509288998,eth:ethertype:data,,
57938,45.558184784,eth:ethertype:data,,
57964,45.588994754,eth:ethertype:data,,
58037,45.634533668,eth:ethertype:data,,
58376,45.897414663,eth:ethertype:data,,
58478,45.974864796,eth:ethertype:data,,
58569,46.034847863,eth:ethertype:data,,
58690,46.130428604,eth:ethertype:data,,
58775,46.184735374,eth:ethertype:data,,
59055,46.415651713,eth:ethertype:data,,
59149,46.468585984,eth:ethertype:data,,
59224,46.528735926,eth:ethertype:data,,
59267,46.554630797,eth:ethertype:data,,
59275,46.564180058,eth:ethertype:data,,
59393,46.657487832,eth:ethertype:data,,
59457,46.696132274,eth:ethertype:data,,
59467,46.703527111,eth:ethertype:data,,
59477,46.724600163,eth:ethertype:data,,
59492,46.732318645,eth:ethertype:data,,
59571,46.784508438,eth:ethertype:data,,
59785,46.939828756,eth:ethertype:data,,
59820,46.978382833,eth:ethertype:data,,
59892,47.024638570,eth:ethertype:data,,
59982,47.090696787,eth:ethertype:data,,
59988,47.107509114,eth:ethertype:data,,
60097,47.183577947,eth:ethertype:data,,
60212,47.264736254,eth:ethertype:data,,
60304,47.330029055,eth:ethertype:data,,
60334,47.364550896,eth:ethertype:data,,
60404,47.412102256,eth:ethertype:data,,
60497,47.490458483,eth:ethertype:data,,
60532,47.518381164,eth:ethertype:data,,
60609,47.565736118,eth:ethertype:data,,
60633,47.593335049,eth:ethertype:data,,
60697,47.633531208,eth:ethertype:data,,
60857,47.761782490,eth:ethertype:data,,
60926,47.803312502,eth:ethertype:data,,
61036,47.887123358,eth:ethertype:data,,
61250,48.045623621,eth:ethertype:data,,
61257,48.062050324,eth:ethertype:data,,
61274,48.072519480,eth:ethertype:data,,
61336,48.134669107,eth:ethertype:data,,
61459,48.213398979,eth:ethertype:data,,
61514,48.249601496,eth:ethertype:data,,
61557,48.284665264,eth:ethertype:data,,
61621,48.324790381,eth:ethertype:data,,
61732,48.404984887,eth:ethertype:data,,
61844,48.494557508,eth:ethertype:data,,
61941,48.563662910,eth:ethertype:data,,
61970,48.595517202,eth:ethertype:data,,
62042,48.642389656,eth:ethertype:data,,
62068,48.669047286,eth:ethertype:data,,
62247,48.804682936,eth:ethertype:data,,
62347,48.884702910,eth:ethertype:data,,
62425,48.932170208,eth:ethertype:data,,
62454,48.964490124,eth:ethertype:data,,
62551,49.023791786,eth:ethertype:data,,
62577,49.053158893,eth:ethertype:data,,
62641,49.094592290,eth:ethertype:data,,
62827,49.234708612,eth:ethertype:data,,
63035,49.400633086,eth:ethertype:data,,
63044,49.404746989,eth:ethertype:data,,
63156,49.484990192,eth:ethertype:data,,
63265,49.564779958,eth:ethertype:data,,
63290,49.590214725,eth:ethertype:data,,
63544,49.772724704,eth:ethertype:data,,
63577,49.808552846,eth:ethertype:data,,
63625,49.853917698,eth:ethertype:data,,
63670,49.879801058,eth:ethertype:data,,
63764,49.953621820,eth:ethertype:data,,
63858,50.014706500,eth:ethertype:data,,
63953,50.080750759,eth:ethertype:data,,
63986,50.115920933,eth:ethertype:data,,
64066,50.174599366,eth:ethertype:data,,
64095,50.197584864,eth:ethertype:data,,
64158,50.235846181,eth:ethertype:data,,
64369,50.391299103,eth:ethertype:data,,
64396,50.420850428,eth:ethertype:data,,
64587,50.553330091,eth:ethertype:data,,
64589,50.556827692,eth:ethertype:data,,
64608,50.577438505,eth:ethertype:data,,
64706,50.654005619,eth:ethertype:data,,
64802,50.729098306,eth:ethertype:data,,
64808,50.732825750,eth:ethertype:data,,
64888,50.784509815,eth:ethertype:data,,
65206,51.020403544,eth:ethertype:data,,
65230,51.048143204,eth:ethertype:data,,
65315,51.114567410,eth:ethertype:data,,
65324,51.119549489,eth:ethertype:data,,
65425,51.192772907,eth:ethertype:data,,
65627,51.334736780,eth:ethertype:data,,
65828,51.497256361,eth:ethertype:data,,
65919,51.568101709,eth:ethertype:data,,
66080,51.685518522,eth:ethertype:data,,
66211,51.774399061,eth:ethertype:data,,
66240,51.789683733,eth:ethertype:data,,
66243,51.794403520,eth:ethertype:data,,
66269,51.822117608,eth:ethertype:data,,
66346,51.874565994,eth:ethertype:data,,
66700,52.135537303,eth:ethertype:data,,
66766,52.175814295,eth:ethertype:data,,
66792,52.205840099,eth:ethertype:data,,
66864,52.250137087,eth:ethertype:data,,
66870,52.264184053,eth:ethertype:data,,
66964,52.327306648,eth:ethertype:data,,
66989,52.357281931,eth:ethertype:data,,
67155,52.472891506,eth:ethertype:data,,
67182,52.505276475,eth:ethertype:data,,
67256,52.550033723,eth:ethertype:data,,
67279,52.577084634,eth:ethertype:data,,
67359,52.640352020,eth:ethertype:data,,
67373,52.646937951,eth:ethertype:data,,
67474,52.723690325,eth:ethertype:data,,
67549,52.768694291,eth:ethertype:data,,
67578,52.802292800,eth:ethertype:data,,
67651,52.846902913,eth:ethertype:data,,
67675,52.875624708,eth:ethertype:data,,
67767,52.944185214,eth:ethertype:data,,
67841,52.989707670,eth:ethertype:data,,
67863,53.017430456,eth:ethertype:data,,
67945,53.066066502,eth:ethertype:data,,
67968,53.093799808,eth:ethertype:data,,
68031,53.132573885,eth:ethertype:data,,
68056,53.161042816,eth:ethertype:data,,
68127,53.214648857,eth:ethertype:data,,
68216,53.294762686,eth:ethertype:data,,
68258,53.317506414,eth:ethertype:data,,
68268,53.324436303,eth:ethertype:data,,
68323,53.354482523,eth:ethertype:data,,
68435,53.440692856,eth:ethertype:data,,
68441,53.445715091,eth:ethertype:data,,
68474,53.476348811,eth:ethertype:data,,
68548,53.522730224,eth:ethertype:data,,
68576,53.555234151,eth:ethertype:data,,
68605,53.572187624,eth:ethertype:data,,
68635,53.595171508,eth:ethertype:data,,
68646,53.611915502,eth:ethertype:data,,
68679,53.635495740,eth:ethertype:data,,
68765,53.702229112,eth:ethertype:data,,
68826,53.740823293,eth:ethertype:data,,
68854,53.772679043,eth:ethertype:data,,
68932,53.820822486,eth:ethertype:data,,
68958,53.851147665,eth:ethertype:data,,
69063,53.931542691,eth:ethertype:data,,
69125,53.976033325,eth:ethertype:data,,
69134,53.987394095,eth:ethertype:data,,
69158,54.006987930,eth:ethertype:data,,
69246,54.073149584,eth:ethertype:data,,
69323,54.124560472,eth:ethertype:data,,
69448,54.224857874,eth:ethertype:data,,
69511,54.263598826,eth:ethertype:data,,
69537,54.293244995,eth:ethertype:data,,
69629,54.364207166,eth:ethertype:data,,
69718,54.432875067,eth:ethertype:data,,
69818,54.506961662,eth:ethertype:data,,
69902,54.560162548,eth:ethertype:data,,
69905,54.564587179,eth:ethertype:data,,
70009,54.641932885,eth:ethertype:data,,
70032,54.668575046,eth:ethertype:data,,
70203,54.792726227,eth:ethertype:data,,
70224,54.810057981,eth:ethertype:data,,
70291,54.851583305,eth:ethertype:data,,
70294,54.856131478,eth:ethertype:data,,
70478,55.007423727,eth:ethertype:data,,
70607,55.094544215,eth:ethertype:data,,
70625,55.124549967,eth:ethertype:data,,
70728,55.184499752,eth:ethertype:data,,
70823,55.255354475,eth:ethertype:data,,
70849,55.284751634,eth:ethertype:data,,
70950,55.362866453,eth:ethertype:data,,
71012,55.407693389,eth:ethertype:data,,
71131,55.504626836,eth:ethertype:data,,
71211,55.553424861,eth:ethertype:data,,
71414,55.704570964,eth:ethertype:data,,
71440,55.735525361,eth:ethertype:data,,
71517,55.781920003,eth:ethertype:data,,
71548,55.819481581,eth:ethertype:data,,
71633,55.874837777,eth:ethertype:data,,
71640,55.884528810,eth:ethertype:data,,
71658,55.898744629,eth:ethertype:data,,
71727,55.940943078,eth:ethertype:data,,
71730,55.944465939,eth:ethertype:data,,
71753,55.970188257,eth:ethertype:data,,
71853,56.043804123,eth:ethertype:data,,
71927,56.090744338,eth:ethertype:data,,
72023,56.166021400,eth:ethertype:data,,
72047,56.192069864,eth:ethertype:data,,
72138,56.266129896,eth:ethertype:data,,
72216,56.311974487,eth:ethertype:data,,
72241,56.341033365,eth:ethertype:data,,
72312,56.384671499,eth:ethertype:data,,
72340,56.416440271,eth:ethertype:data,,
72419,56.470792665,eth:ethertype:data,,
72515,56.545417541,eth:ethertype:data,,
72541,56.574843137,eth:ethertype:data,,
72729,56.725696792,eth:ethertype:data,,
72894,56.836825382,eth:ethertype:data,,
72903,56.845591415,eth:ethertype:data,,
72919,56.849900108,eth:ethertype:data,,
72957,56.890463402,eth:ethertype:data,,
73023,56.930958259,eth:ethertype:data,,
73035,56.944774651,eth:ethertype:data,,
73141,57.024194366,eth:ethertype:data,,
73146,57.034505449,eth:ethertype:data,,
73168,57.051572516,eth:ethertype:data,,
73279,57.135380038,eth:ethertype:data,,
73353,57.180192130,eth:ethertype:data,,
73498,57.298777067,eth:ethertype:data,,
73567,57.341063900,eth:ethertype:data,,
73590,57.368547519,eth:ethertype:data,,
73708,57.442757135,eth:ethertype:data,,
73896,57.582586790,eth:ethertype:data,,
73935,57.624435291,eth:ethertype:data,,
74038,57.701173810,eth:ethertype:data,,
74235,57.848196895,eth:ethertype:data,,
74414,57.984589835,eth:ethertype:data,,
74591,58.111773982,eth:ethertype:data,,
74619,58.139828121,eth:ethertype:data,,
74697,58.187155731,eth:ethertype:data,,
74715,58.212874040,eth:ethertype:data,,
74837,58.302462390,eth:ethertype:data,,
74876,58.325282784,eth:ethertype:data,,
74893,58.335741941,eth:ethertype:data,,
74916,58.366087224,eth:ethertype:data,,
75034,58.448735633,eth:ethertype:data,,
75297,58.640337164,eth:ethertype:data,,
75302,58.644491639,eth:ethertype:data,,
75398,58.714518446,eth:ethertype:data,,
75401,58.719493233,eth:ethertype:data,,
75418,58.736511289,eth:ethertype:data,,
75422,58.742707950,eth:ethertype:data,,
75509,58.794945191,eth:ethertype:data,,
75529,58.818518657,eth:ethertype:data,,
75537,58.827965210,eth:ethertype:data,,
75604,58.870612877,eth:ethertype:data,,
75627,58.895917592,eth:ethertype:data,,
75697,58.944120878,eth:ethertype:data,,
75723,58.965914815,eth:ethertype:data,,
75729,58.971858039,eth:ethertype:data,,
75738,58.979454386,eth:ethertype:data,,
75816,59.024669029,eth:ethertype:data,,
75949,59.135756889,eth:ethertype:data,,
76036,59.194533238,eth:ethertype:data,,
76062,59.220882067,eth:ethertype:data,,
76137,59.270582643,eth:ethertype:data,,
76172,59.307183493,eth:ethertype:data,,
76241,59.351084752,eth:ethertype:data,,
76268,59.378479621,eth:ethertype:data,,
76279,59.390167943,eth:ethertype:data,,
76373,59.463444382,eth:ethertype:data,,
76446,59.516206466,eth:ethertype:data,,
76458,59.527583278,eth:ethertype:data,,
76559,59.593663005,eth:ethertype:data,,
76567,59.604491484,eth:ethertype:data,,
76586,59.623422820,eth:ethertype:data,,
76651,59.668771577,eth:ethertype:data,,
76662,59.678388026,eth:ethertype:data,,
76679,59.706800551,eth:ethertype:data,,
76765,59.760354925,eth:ethertype:data,,
76783,59.775770379,eth:ethertype:data,,
76799,59.793598435,eth:ethertype:data,,
76856,59.830157305,eth:ethertype:data,,
76861,63.284712315,eth:ethertype:ip:udp:bootp,0.0.0.0,255.255.255.255
